Precinct,Annissa Essaibi George,Annissa Essaibi George Percent,Richard Spagnuolo,Richard Spagnuolo Percent,Andrea Campbell,Andrea Campbell Percent,Kim Janey,Kim Janey Percent,Michelle Wu,Michelle Wu Percent,Jon Santiago,Jon Santiago Percent,Robert Cappucci,Robert Cappucci Percent,John Barros,John Barros Percent,Total Votes,Unresolved Write-In,Unresolved Write-In Percent,WARD_PRECINCT
"WARD 1, PRECINCT 1",85,21.09,4,0.99,92,22.83,49,12.16,152,37.72,0,0,10,2.48,11,2.73,403,0,0,101
"WARD 1, PRECINCT 2",52,23.64,1,0.45,40,18.18,21,9.55,81,36.82,0,0,18,8.18,7,3.18,220,0,0,102
"WARD 1, PRECINCT 3",91,14.4,2,0.32,107,16.93,104,16.46,297,46.99,0,0,13,2.06,15,2.37,632,3,0.47,103
"WARD 1, PRECINCT 4",51,24.17,1,0.47,35,16.59,40,18.96,73,34.6,1,0.47,7,3.32,3,1.42,211,0,0,104
"WARD 1, PRECINCT 5",56,18.06,4,1.29,55,17.74,50,16.13,128,41.29,0,0,4,1.29,12,3.87,310,1,0.32,105
"WARD 1, PRECINCT 6",65,25.59,3,1.18,33,12.99,49,19.29,90,35.43,0,0,8,3.15,6,2.36,254,0,0,106
"WARD 1, PRECINCT 7",46,19.17,1,0.42,41,17.08,45,18.75,96,40,1,0.42,8,3.33,2,0.83,240,0,0,107
"WARD 1, PRECINCT 8",78,23.21,3,0.89,48,14.29,59,17.56,134,39.88,1,0.3,11,3.27,2,0.6,336,0,0,108
"WARD 1, PRECINCT 9",61,26.52,0,0,51,22.17,28,12.17,83,36.09,0,0,3,1.3,4,1.74,230,0,0,109
"WARD 1, PRECINCT 10",32,20.51,2,1.28,21,13.46,29,18.59,60,38.46,0,0,9,5.77,3,1.92,156,0,0,110
"WARD 1, PRECINCT 11",170,42.93,1,0.25,21,5.3,48,12.12,130,32.83,0,0,19,4.8,6,1.52,396,1,0.25,111
"WARD 1, PRECINCT 12",208,50.61,1,0.24,38,9.25,38,9.25,103,25.06,2,0.49,15,3.65,5,1.22,411,1,0.24,112
"WARD 1, PRECINCT 13",182,38.72,1,0.21,46,9.79,63,13.4,160,34.04,1,0.21,13,2.77,4,0.85,470,0,0,113
"WARD 1, PRECINCT 14",106,42.91,3,1.21,20,8.1,39,15.79,67,27.13,1,0.4,9,3.64,1,0.4,247,1,0.4,114
"WARD 1, PRECINCT 15",0,0,0,0,0,0,0,0,0,0,0,0,0,0,0,0,0,0,0,115
"WARD 2, PRECINCT 1",226,33.88,3,0.45,109,16.34,57,8.55,236,35.38,0,0,16,2.4,19,2.85,667,1,0.15,201
"WARD 2, PRECINCT 2",163,23.32,3,0.43,114,16.31,89,12.73,281,40.2,1,0.14,24,3.43,23,3.29,699,1,0.14,202
"WARD 2, PRECINCT 3",134,25.72,0,0,135,25.91,32,6.14,187,35.89,1,0.19,14,2.69,18,3.45,521,0,0,203
"WARD 2, PRECINCT 4",138,32.7,0,0,62,14.69,43,10.19,158,37.44,1,0.24,9,2.13,11,2.61,422,0,0,204
"WARD 2, PRECINCT 5",204,38.86,0,0,81,15.43,23,4.38,193,36.76,2,0.38,11,2.1,10,1.9,525,1,0.19,205
"WARD 2, PRECINCT 6",287,41.72,1,0.15,118,17.15,38,5.52,208,30.23,1,0.15,22,3.2,12,1.74,688,1,0.15,206
"WARD 2, PRECINCT 7",213,38.66,1,0.18,74,13.43,46,8.35,183,33.21,0,0,17,3.09,15,2.72,551,2,0.36,207
"WARD 3, PRECINCT 1",267,30.41,26,2.96,147,16.74,72,8.2,324,36.9,4,0.46,13,1.48,24,2.73,878,1,0.11,301
"WARD 3, PRECINCT 2",95,27.3,12,3.45,57,16.38,31,8.91,137,39.37,1,0.29,3,0.86,12,3.45,348,0,0,302
"WARD 3, PRECINCT 3",101,24.51,24,5.83,52,12.62,27,6.55,195,47.33,1,0.24,4,0.97,7,1.7,412,1,0.24,303
"WARD 3, PRECINCT 4",118,26.82,41,9.32,53,12.05,20,4.55,186,42.27,1,0.23,9,2.05,12,2.73,440,0,0,304
"WARD 3, PRECINCT 5",151,16.99,4,0.45,174,19.57,109,12.26,402,45.22,3,0.34,12,1.35,31,3.49,889,3,0.34,305
"WARD 3, PRECINCT 6",205,18.6,4,0.36,222,20.15,117,10.62,506,45.92,7,0.64,8,0.73,32,2.9,"1,102",1,0.09,306
"WARD 3, PRECINCT 7",148,13.67,0,0,367,33.89,91,8.4,437,40.35,1,0.09,3,0.28,36,3.32,"1,083",0,0,307
"WARD 3, PRECINCT 8",162,10.94,1,0.07,189,12.76,342,23.09,743,50.17,4,0.27,13,0.88,26,1.76,"1,481",1,0.07,308
"WARD 4, PRECINCT 1",76,13.15,0,0,178,30.8,44,7.61,263,45.5,1,0.17,0,0,16,2.77,578,0,0,401
"WARD 4, PRECINCT 2",101,12.56,1,0.12,170,21.14,145,18.03,339,42.16,9,1.12,6,0.75,32,3.98,804,1,0.12,402
"WARD 4, PRECINCT 3",51,11.75,0,0,118,27.19,61,14.06,184,42.4,5,1.15,0,0,14,3.23,434,1,0.23,403
"WARD 4, PRECINCT 4",54,11.79,1,0.22,154,33.62,74,16.16,155,33.84,4,0.87,1,0.22,15,3.28,458,0,0,404
"WARD 4, PRECINCT 5",49,14.85,1,0.3,77,23.33,86,26.06,98,29.7,6,1.82,3,0.91,10,3.03,330,0,0,405
"WARD 4, PRECINCT 6",26,11.76,0,0,42,19,53,23.98,96,43.44,1,0.45,1,0.45,2,0.9,221,0,0,406
"WARD 4, PRECINCT 7",20,7.97,0,0,68,27.09,45,17.93,104,41.43,6,2.39,2,0.8,6,2.39,251,0,0,407
"WARD 4, PRECINCT 8",29,11.69,0,0,43,17.34,51,20.56,114,45.97,2,0.81,3,1.21,5,2.02,248,1,0.4,408
"WARD 4, PRECINCT 9",8,9.41,0,0,8,9.41,37,43.53,27,31.76,3,3.53,0,0,2,2.35,85,0,0,409
"WARD 4, PRECINCT 10",0,0,0,0,7,18.92,6,16.22,22,59.46,0,0,0,0,2,5.41,37,0,0,410
"WARD 5, PRECINCT 1",154,13.24,1,0.09,225,19.35,214,18.4,531,45.66,7,0.6,4,0.34,27,2.32,"1,163",0,0,501
"WARD 5, PRECINCT 2",19,7.45,0,0,62,24.31,24,9.41,138,54.12,2,0.78,2,0.78,8,3.14,255,0,0,502
"WARD 5, PRECINCT 3",66,14.9,0,0,122,27.54,35,7.9,202,45.6,0,0,2,0.45,16,3.61,443,0,0,503
"WARD 5, PRECINCT 4",56,13.53,1,0.24,100,24.15,31,7.49,210,50.72,0,0,5,1.21,11,2.66,414,0,0,504
"WARD 5, PRECINCT 5",42,20.19,0,0,54,25.96,13,6.25,85,40.87,2,0.96,2,0.96,10,4.81,208,0,0,505
"WARD 5, PRECINCT 6",80,17.98,0,0,123,27.64,40,8.99,183,41.12,1,0.22,3,0.67,15,3.37,445,0,0,506
"WARD 5, PRECINCT 7",110,21.7,0,0,130,25.64,42,8.28,205,40.43,5,0.99,4,0.79,10,1.97,507,1,0.2,507
"WARD 5, PRECINCT 8",85,19.63,1,0.23,123,28.41,28,6.47,180,41.57,2,0.46,3,0.69,11,2.54,433,0,0,508
"WARD 5, PRECINCT 9",94,18.18,0,0,124,23.98,36,6.96,237,45.84,2,0.39,6,1.16,18,3.48,517,0,0,509
"WARD 5, PRECINCT 10",32,11.39,0,0,66,23.49,36,12.81,135,48.04,1,0.36,0,0,11,3.91,281,0,0,510
"WARD 5, PRECINCT 11",56,18.86,0,0,85,28.62,20,6.73,126,42.42,1,0.34,2,0.67,7,2.36,297,0,0,511
"WARD 5, PRECINCT 2A",19,9.79,0,0,38,19.59,34,17.53,96,49.48,1,0.52,2,1.03,4,2.06,194,0,0,0502A
"WARD 6, PRECINCT 1",283,21.99,2,0.16,262,20.36,122,9.48,543,42.19,2,0.16,25,1.94,45,3.5,"1,287",3,0.23,601
"WARD 6, PRECINCT 2",120,41.52,1,0.35,29,10.03,29,10.03,92,31.83,0,0,8,2.77,9,3.11,289,1,0.35,602
"WARD 6, PRECINCT 3",183,47.53,0,0,52,13.51,25,6.49,114,29.61,0,0,5,1.3,6,1.56,385,0,0,603
"WARD 6, PRECINCT 4",219,48.56,2,0.44,64,14.19,18,3.99,126,27.94,0,0,7,1.55,15,3.33,451,0,0,604
"WARD 6, PRECINCT 5",185,45.23,0,0,45,11,21,5.13,123,30.07,3,0.73,19,4.65,13,3.18,409,0,0,605
"WARD 6, PRECINCT 6",294,64.33,0,0,33,7.22,19,4.16,81,17.72,1,0.22,12,2.63,16,3.5,457,1,0.22,606
"WARD 6, PRECINCT 7",272,62.24,0,0,59,13.5,19,4.35,69,15.79,0,0,13,2.97,5,1.14,437,0,0,607
"WARD 6, PRECINCT 8",272,64.3,1,0.24,35,8.27,17,4.02,77,18.2,0,0,6,1.42,14,3.31,423,1,0.24,608
"WARD 6, PRECINCT 9",336,69.42,1,0.21,31,6.4,17,3.51,79,16.32,1,0.21,13,2.69,6,1.24,484,0,0,609
"WARD 7, PRECINCT 1",299,67.34,0,0,40,9.01,19,4.28,55,12.39,2,0.45,20,4.5,9,2.03,444,0,0,701
"WARD 7, PRECINCT 2",329,63.51,3,0.58,41,7.92,19,3.67,109,21.04,0,0,7,1.35,10,1.93,518,0,0,702
"WARD 7, PRECINCT 3",341,58.09,4,0.68,57,9.71,28,4.77,124,21.12,0,0,17,2.9,13,2.21,587,3,0.51,703
"WARD 7, PRECINCT 4",165,49.4,0,0,55,16.47,13,3.89,79,23.65,0,0,9,2.69,12,3.59,334,1,0.3,704
"WARD 7, PRECINCT 5",109,36.09,0,0,45,14.9,29,9.6,99,32.78,1,0.33,8,2.65,11,3.64,302,0,0,705
"WARD 7, PRECINCT 6",89,34.36,0,0,28,10.81,36,13.9,85,32.82,4,1.54,10,3.86,6,2.32,259,1,0.39,706
"WARD 7, PRECINCT 7",31,15.27,0,0,23,11.33,58,28.57,76,37.44,1,0.49,9,4.43,4,1.97,203,1,0.49,707
"WARD 7, PRECINCT 8",161,44.97,3,0.84,36,10.06,42,11.73,93,25.98,1,0.28,4,1.12,16,4.47,358,2,0.56,708
"WARD 7, PRECINCT 9",129,45.1,0,0,55,19.23,15,5.24,74,25.87,1,0.35,3,1.05,8,2.8,286,1,0.35,709
"WARD 7, PRECINCT 10",22,7.72,0,0,43,15.09,72,25.26,43,15.09,3,1.05,2,0.7,100,35.09,285,0,0,710
"WARD 8, PRECINCT 1",26,8,0,0,74,22.77,88,27.08,115,35.38,9,2.77,0,0,12,3.69,325,1,0.31,801
"WARD 8, PRECINCT 2",62,10.28,0,0,225,37.31,107,17.74,194,32.17,5,0.83,5,0.83,5,0.83,603,0,0,802
"WARD 8, PRECINCT 3",4,1.9,0,0,61,29.05,79,37.62,44,20.95,0,0,0,0,21,10,210,1,0.48,803
"WARD 8, PRECINCT 4",4,2.76,0,0,27,18.62,79,54.48,30,20.69,1,0.69,0,0,4,2.76,145,0,0,804
"WARD 8, PRECINCT 5",8,2.27,0,0,45,12.78,113,32.1,39,11.08,1,0.28,3,0.85,143,40.63,352,0,0,805
"WARD 8, PRECINCT 6",12,8.57,0,0,23,16.43,15,10.71,27,19.29,0,0,0,0,63,45,140,0,0,806
"WARD 8, PRECINCT 7",13,7.22,0,0,41,22.78,70,38.89,31,17.22,1,0.56,1,0.56,23,12.78,180,0,0,807
"WARD 9, PRECINCT 1",47,10.17,2,0.43,82,17.75,123,26.62,188,40.69,6,1.3,1,0.22,13,2.81,462,0,0,901
"WARD 9, PRECINCT 2",63,11.31,0,0,203,36.45,83,14.9,191,34.29,6,1.08,1,0.18,10,1.8,557,0,0,902
"WARD 9, PRECINCT 3",36,6.17,0,0,105,18.01,238,40.82,182,31.22,5,0.86,2,0.34,14,2.4,583,1,0.17,903
"WARD 9, PRECINCT 4",12,3.64,2,0.61,48,14.55,149,45.15,106,32.12,6,1.82,1,0.3,6,1.82,330,0,0,904
"WARD 9, PRECINCT 5",22,3.68,0,0,105,17.56,324,54.18,133,22.24,1,0.17,0,0,13,2.17,598,0,0,905
"WARD 10, PRECINCT 1",41,16.08,1,0.39,48,18.82,68,26.67,88,34.51,4,1.57,0,0,4,1.57,255,1,0.39,1001
"WARD 10, PRECINCT 2",28,15.91,0,0,28,15.91,46,26.14,67,38.07,0,0,4,2.27,3,1.7,176,0,0,1002
"WARD 10, PRECINCT 3",25,15.92,1,0.64,33,21.02,40,25.48,55,35.03,0,0,0,0,3,1.91,157,0,0,1003
"WARD 10, PRECINCT 4",39,10.89,2,0.56,29,8.1,134,37.43,135,37.71,5,1.4,4,1.12,10,2.79,358,0,0,1004
"WARD 10, PRECINCT 5",27,11.07,0,0,56,22.95,59,24.18,96,39.34,0,0,2,0.82,4,1.64,244,0,0,1005
"WARD 10, PRECINCT 6",12,4.07,0,0,67,22.71,75,25.42,124,42.03,0,0,1,0.34,14,4.75,295,2,0.68,1006
"WARD 10, PRECINCT 7",29,8.43,1,0.29,57,16.57,102,29.65,142,41.28,6,1.74,2,0.58,5,1.45,344,0,0,1007
"WARD 10, PRECINCT 8",45,8.69,0,0,96,18.53,83,16.02,282,54.44,5,0.97,1,0.19,6,1.16,518,0,0,1008
"WARD 10, PRECINCT 9",46,7.1,1,0.15,161,24.85,95,14.66,327,50.46,3,0.46,1,0.15,14,2.16,648,0,0,1009
"WARD 11, PRECINCT 1",13,4.81,0,0,72,26.67,94,34.81,85,31.48,1,0.37,1,0.37,4,1.48,270,0,0,1101
"WARD 11, PRECINCT 2",20,4.52,0,0,89,20.14,197,44.57,120,27.15,2,0.45,1,0.23,13,2.94,442,0,0,1102
"WARD 11, PRECINCT 3",16,6.08,0,0,53,20.15,139,52.85,49,18.63,1,0.38,0,0,5,1.9,263,0,0,1103
"WARD 11, PRECINCT 4",29,6.03,1,0.21,94,19.54,146,30.35,200,41.58,2,0.42,4,0.83,5,1.04,481,0,0,1104
"WARD 11, PRECINCT 5",36,7.95,1,0.22,86,18.98,105,23.18,210,46.36,6,1.32,3,0.66,5,1.1,453,1,0.22,1105
"WARD 11, PRECINCT 6",29,6.52,0,0,144,32.36,49,11.01,211,47.42,0,0,1,0.22,11,2.47,445,0,0,1106
"WARD 11, PRECINCT 7",33,5.6,1,0.17,135,22.92,91,15.45,312,52.97,4,0.68,0,0,12,2.04,589,1,0.17,1107
"WARD 11, PRECINCT 8",49,6.7,0,0,188,25.72,94,12.86,385,52.67,0,0,1,0.14,13,1.78,731,1,0.14,1108
"WARD 11, PRECINCT 9",26,5.94,0,0,129,29.45,54,12.33,223,50.91,0,0,0,0,5,1.14,438,1,0.23,1109
"WARD 11, PRECINCT 10",15,3.1,0,0,131,27.07,81,16.74,246,50.83,1,0.21,2,0.41,8,1.65,484,0,0,1110
"WARD 12, PRECINCT 1",18,4.25,0,0,64,15.09,244,57.55,88,20.75,0,0,2,0.47,8,1.89,424,0,0,1201
"WARD 12, PRECINCT 2",18,3.75,0,0,97,20.21,271,56.46,72,15,5,1.04,1,0.21,16,3.33,480,0,0,1202
"WARD 12, PRECINCT 3",8,3.35,0,0,41,17.15,150,62.76,38,15.9,0,0,0,0,2,0.84,239,0,0,1203
"WARD 12, PRECINCT 4",14,4.98,0,0,55,19.57,148,52.67,57,20.28,0,0,0,0,7,2.49,281,0,0,1204
"WARD 12, PRECINCT 5",7,3.29,0,0,34,15.96,128,60.09,35,16.43,2,0.94,0,0,7,3.29,213,0,0,1205
"WARD 12, PRECINCT 6",11,4.14,0,0,48,18.05,152,57.14,35,13.16,0,0,0,0,20,7.52,266,0,0,1206
"WARD 12, PRECINCT 7",23,5.29,5,1.15,77,17.7,228,52.41,91,20.92,7,1.61,0,0,4,0.92,435,0,0,1207
"WARD 12, PRECINCT 8",8,4.52,1,0.56,35,19.77,93,52.54,32,18.08,2,1.13,0,0,6,3.39,177,0,0,1208
"WARD 12, PRECINCT 9",5,1.98,0,0,60,23.81,132,52.38,45,17.86,1,0.4,1,0.4,7,2.78,252,1,0.4,1209
"WARD 13, PRECINCT 1",15,4.63,0,0,54,16.67,150,46.3,46,14.2,2,0.62,1,0.31,56,17.28,324,0,0,1301
"WARD 13, PRECINCT 2",4,3.45,1,0.86,29,25,48,41.38,19,16.38,0,0,0,0,15,12.93,116,0,0,1302
"WARD 13, PRECINCT 3",34,16.5,0,0,41,19.9,49,23.79,73,35.44,0,0,1,0.49,8,3.88,206,0,0,1303
"WARD 13, PRECINCT 4",9,4.17,0,0,49,22.69,84,38.89,33,15.28,3,1.39,3,1.39,35,16.2,216,0,0,1304
"WARD 13, PRECINCT 5",19,7.92,0,0,52,21.67,53,22.08,51,21.25,2,0.83,0,0,63,26.25,240,0,0,1305
"WARD 13, PRECINCT 6",64,18.82,4,1.18,79,23.24,50,14.71,94,27.65,2,0.59,1,0.29,43,12.65,340,3,0.88,1306
"WARD 13, PRECINCT 7",123,33.79,3,0.82,55,15.11,33,9.07,132,36.26,2,0.55,4,1.1,11,3.02,364,1,0.27,1307
"WARD 13, PRECINCT 8",117,37.62,0,0,50,16.08,29,9.32,94,30.23,2,0.64,2,0.64,17,5.47,311,0,0,1308
"WARD 13, PRECINCT 9",105,29.01,1,0.28,71,19.61,44,12.15,104,28.73,1,0.28,3,0.83,32,8.84,362,1,0.28,1309
"WARD 13, PRECINCT 10",314,43.07,2,0.27,155,21.26,39,5.35,181,24.83,1,0.14,11,1.51,26,3.57,729,0,0,1310
"WARD 14, PRECINCT 1",23,4.6,0,0,88,17.6,278,55.6,69,13.8,4,0.8,0,0,38,7.6,500,0,0,1401
"WARD 14, PRECINCT 2",19,3.73,1,0.2,129,25.29,265,51.96,61,11.96,3,0.59,1,0.2,31,6.08,510,0,0,1402
"WARD 14, PRECINCT 3",6,2.65,1,0.44,43,19.03,125,55.31,45,19.91,2,0.88,0,0,4,1.77,226,0,0,1403
"WARD 14, PRECINCT 4",20,6.49,0,0,76,24.68,133,43.18,59,19.16,1,0.32,1,0.32,18,5.84,308,0,0,1404
"WARD 14, PRECINCT 5",13,6.31,1,0.49,40,19.42,112,54.37,36,17.48,1,0.49,1,0.49,1,0.49,206,1,0.49,1405
"WARD 14, PRECINCT 6",13,5.8,0,0,67,29.91,103,45.98,28,12.5,0,0,0,0,12,5.36,224,1,0.45,1406
"WARD 14, PRECINCT 7",12,5.29,0,0,74,32.6,99,43.61,32,14.1,3,1.32,0,0,7,3.08,227,0,0,1407
"WARD 14, PRECINCT 8",23,7.32,0,0,92,29.3,143,45.54,49,15.61,0,0,1,0.32,5,1.59,314,1,0.32,1408
"WARD 14, PRECINCT 9",11,5.21,1,0.47,53,25.12,101,47.87,31,14.69,1,0.47,0,0,12,5.69,211,1,0.47,1409
"WARD 14, PRECINCT 10",16,5.71,1,0.36,77,27.5,127,45.36,43,15.36,2,0.71,0,0,14,5,280,0,0,1410
"WARD 14, PRECINCT 11",13,4.59,3,1.06,88,31.1,134,47.35,33,11.66,0,0,0,0,12,4.24,283,0,0,1411
"WARD 14, PRECINCT 12",5,3.07,0,0,38,23.31,92,56.44,21,12.88,0,0,0,0,7,4.29,163,0,0,1412
"WARD 14, PRECINCT 13",11,4.62,0,0,73,30.67,120,50.42,30,12.61,0,0,0,0,4,1.68,238,0,0,1413
"WARD 14, PRECINCT 14",15,5.75,0,0,67,25.67,142,54.41,32,12.26,2,0.77,1,0.38,2,0.77,261,0,0,1414
"WARD 15, PRECINCT 1",30,9.84,0,0,55,18.03,133,43.61,44,14.43,0,0,0,0,41,13.44,305,2,0.66,1501
"WARD 15, PRECINCT 2",20,9.57,0,0,42,20.1,90,43.06,23,11,0,0,2,0.96,32,15.31,209,0,0,1502
"WARD 15, PRECINCT 3",16,11.76,0,0,21,15.44,47,34.56,26,19.12,0,0,0,0,26,19.12,136,0,0,1503
"WARD 15, PRECINCT 4",25,7.08,0,0,70,19.83,123,34.84,50,14.16,3,0.85,2,0.57,80,22.66,353,0,0,1504
"WARD 15, PRECINCT 5",21,7.37,0,0,69,24.21,116,40.7,43,15.09,1,0.35,0,0,35,12.28,285,0,0,1505
"WARD 15, PRECINCT 6",73,35.61,2,0.98,26,12.68,28,13.66,61,29.76,2,0.98,5,2.44,8,3.9,205,0,0,1506
"WARD 15, PRECINCT 7",25,10.12,1,0.4,53,21.46,78,31.58,48,19.43,0,0,0,0,41,16.6,247,1,0.4,1507
"WARD 15, PRECINCT 8",38,17.04,5,2.24,38,17.04,66,29.6,53,23.77,0,0,1,0.45,21,9.42,223,1,0.45,1508
"WARD 15, PRECINCT 9",25,12.32,0,0,46,22.66,49,24.14,59,29.06,1,0.49,1,0.49,22,10.84,203,0,0,1509
"WARD 16, PRECINCT 1",52,20.47,0,0,68,26.77,53,20.87,69,27.17,1,0.39,1,0.39,10,3.94,254,0,0,1601
"WARD 16, PRECINCT 2",139,47.28,1,0.34,41,13.95,21,7.14,78,26.53,1,0.34,2,0.68,10,3.4,294,1,0.34,1602
"WARD 16, PRECINCT 3",46,13.18,0,0,117,33.52,91,26.07,79,22.64,4,1.15,2,0.57,10,2.87,349,0,0,1603
"WARD 16, PRECINCT 4",72,22.22,0,0,71,21.91,67,20.68,94,29.01,0,0,3,0.93,16,4.94,324,1,0.31,1604
"WARD 16, PRECINCT 5",183,44.2,1,0.24,70,16.91,50,12.08,104,25.12,0,0,1,0.24,5,1.21,414,0,0,1605
"WARD 16, PRECINCT 6",110,24.55,0,0,100,22.32,98,21.88,110,24.55,0,0,4,0.89,24,5.36,448,2,0.45,1606
"WARD 16, PRECINCT 7",343,62.94,0,0,53,9.72,43,7.89,83,15.23,0,0,3,0.55,19,3.49,545,1,0.18,1607
"WARD 16, PRECINCT 8",297,48.61,0,0,108,17.68,52,8.51,126,20.62,0,0,5,0.82,23,3.76,611,0,0,1608
"WARD 16, PRECINCT 9",533,74.75,0,0,55,7.71,24,3.37,80,11.22,3,0.42,2,0.28,16,2.24,713,0,0,1609
"WARD 16, PRECINCT 10",343,68.6,0,0,37,7.4,24,4.8,75,15,0,0,9,1.8,11,2.2,500,1,0.2,1610
"WARD 16, PRECINCT 11",331,55.63,1,0.17,90,15.13,61,10.25,92,15.46,0,0,1,0.17,19,3.19,595,0,0,1611
"WARD 16, PRECINCT 12",598,79.84,2,0.27,39,5.21,39,5.21,51,6.81,1,0.13,3,0.4,15,2,749,1,0.13,1612
"WARD 17, PRECINCT 1",9,3.47,1,0.39,65,25.1,125,48.26,38,14.67,1,0.39,0,0,20,7.72,259,0,0,1701
"WARD 17, PRECINCT 2",13,6.34,0,0,66,32.2,76,37.07,29,14.15,0,0,1,0.49,20,9.76,205,0,0,1702
"WARD 17, PRECINCT 3",35,7,0,0,168,33.6,189,37.8,82,16.4,2,0.4,2,0.4,21,4.2,500,1,0.2,1703
"WARD 17, PRECINCT 4",81,13.04,1,0.16,170,27.38,203,32.69,132,21.26,1,0.16,2,0.32,31,4.99,621,0,0,1704
"WARD 17, PRECINCT 5",15,8.06,0,0,52,27.96,95,51.08,23,12.37,0,0,0,0,1,0.54,186,0,0,1705
"WARD 17, PRECINCT 6",48,12.37,0,0,142,36.6,100,25.77,80,20.62,1,0.26,1,0.26,16,4.12,388,0,0,1706
"WARD 17, PRECINCT 7",10,5.71,0,0,59,33.71,79,45.14,21,12,0,0,0,0,6,3.43,175,0,0,1707
"WARD 17, PRECINCT 8",23,7.47,0,0,114,37.01,120,38.96,47,15.26,0,0,0,0,4,1.3,308,0,0,1708
"WARD 17, PRECINCT 9",25,6.38,0,0,205,52.3,80,20.41,71,18.11,1,0.26,1,0.26,9,2.3,392,0,0,1709
"WARD 17, PRECINCT 10",14,3.98,0,0,120,34.09,161,45.74,44,12.5,0,0,2,0.57,10,2.84,352,1,0.28,1710
"WARD 17, PRECINCT 11",15,8.11,1,0.54,71,38.38,53,28.65,31,16.76,0,0,2,1.08,12,6.49,185,0,0,1711
"WARD 17, PRECINCT 12",39,12.54,0,0,85,27.33,141,45.34,33,10.61,0,0,0,0,13,4.18,311,0,0,1712
"WARD 17, PRECINCT 13",152,31.08,0,0,111,22.7,97,19.84,110,22.49,1,0.2,5,1.02,13,2.66,489,0,0,1713
"WARD 17, PRECINCT 14",83,17.4,0,0,170,35.64,104,21.8,101,21.17,0,0,1,0.21,16,3.35,477,2,0.42,1714
"WARD 18, PRECINCT 1",42,7.06,1,0.17,194,32.61,281,47.23,58,9.75,0,0,1,0.17,18,3.03,595,0,0,1801
"WARD 18, PRECINCT 2",18,5.33,0,0,75,22.19,188,55.62,49,14.5,1,0.3,0,0,6,1.78,338,1,0.3,1802
"WARD 18, PRECINCT 3",33,7.59,0,0,82,18.85,247,56.78,69,15.86,0,0,1,0.23,3,0.69,435,0,0,1803
"WARD 18, PRECINCT 4",27,5.65,0,0,125,26.15,238,49.79,84,17.57,0,0,0,0,4,0.84,478,0,0,1804
"WARD 18, PRECINCT 5",41,7.3,1,0.18,102,18.15,318,56.58,83,14.77,3,0.53,1,0.18,13,2.31,562,0,0,1805
"WARD 18, PRECINCT 6",35,5.46,0,0,132,20.59,366,57.1,94,14.66,0,0,1,0.16,13,2.03,641,0,0,1806
"WARD 18, PRECINCT 7",60,13.04,1,0.22,134,29.13,120,26.09,134,29.13,3,0.65,1,0.22,7,1.52,460,0,0,1807
"WARD 18, PRECINCT 8",102,13.6,2,0.27,99,13.2,348,46.4,176,23.47,2,0.27,2,0.27,18,2.4,750,1,0.13,1808
"WARD 18, PRECINCT 9",113,20,1,0.18,108,19.12,104,18.41,224,39.65,3,0.53,4,0.71,8,1.42,565,0,0,1809
"WARD 18, PRECINCT 10",152,17.47,0,0,157,18.05,90,10.34,454,52.18,1,0.11,3,0.34,13,1.49,870,0,0,1810
"WARD 18, PRECINCT 11",41,12.09,2,0.59,63,18.58,120,35.4,106,31.27,0,0,1,0.29,6,1.77,339,0,0,1811
"WARD 18, PRECINCT 12",105,21.34,0,0,85,17.28,132,26.83,157,31.91,0,0,6,1.22,7,1.42,492,0,0,1812
"WARD 18, PRECINCT 13",43,17.55,0,0,46,18.78,83,33.88,66,26.94,2,0.82,0,0,5,2.04,245,0,0,1813
"WARD 18, PRECINCT 14",35,13.21,0,0,63,23.77,105,39.62,56,21.13,1,0.38,1,0.38,4,1.51,265,0,0,1814
"WARD 18, PRECINCT 15",38,8.48,0,0,105,23.44,195,43.53,95,21.21,1,0.22,1,0.22,12,2.68,448,1,0.22,1815
"WARD 18, PRECINCT 16",291,39.86,0,0,114,15.62,110,15.07,185,25.34,0,0,17,2.33,13,1.78,730,0,0,1816
"WARD 18, PRECINCT 17",142,29.58,2,0.42,65,13.54,144,30,105,21.88,4,0.83,1,0.21,17,3.54,480,0,0,1817
"WARD 18, PRECINCT 18",132,23.87,3,0.54,61,11.03,187,33.82,142,25.68,4,0.72,14,2.53,10,1.81,553,0,0,1818
"WARD 18, PRECINCT 19",206,26.86,1,0.13,124,16.17,223,29.07,186,24.25,2,0.26,6,0.78,19,2.48,767,0,0,1819
"WARD 18, PRECINCT 20",373,50.41,0,0,61,8.24,120,16.22,171,23.11,1,0.14,9,1.22,4,0.54,740,1,0.14,1820
"WARD 18, PRECINCT 21",15,2.6,0,0,133,23.09,333,57.81,85,14.76,3,0.52,1,0.17,6,1.04,576,0,0,1821
"WARD 18, PRECINCT 22",278,37.52,0,0,116,15.65,98,13.23,232,31.31,5,0.67,2,0.27,10,1.35,741,0,0,1822
"WARD 18, PRECINCT 23",22,8.3,0,0,33,12.45,125,47.17,77,29.06,2,0.75,1,0.38,5,1.89,265,0,0,1823
"WARD 19, PRECINCT 1",24,4.37,0,0,159,28.96,86,15.66,273,49.73,0,0,2,0.36,5,0.91,549,0,0,1901
"WARD 19, PRECINCT 2",136,17.92,1,0.13,215,28.33,93,12.25,277,36.5,2,0.26,7,0.92,27,3.56,759,1,0.13,1902
"WARD 19, PRECINCT 3",25,5.09,1,0.2,145,29.53,55,11.2,245,49.9,0,0,2,0.41,18,3.67,491,0,0,1903
"WARD 19, PRECINCT 4",35,5.34,1,0.15,205,31.25,87,13.26,319,48.63,0,0,0,0,8,1.22,656,1,0.15,1904
"WARD 19, PRECINCT 5",43,7.62,0,0,165,29.26,69,12.23,277,49.11,2,0.35,0,0,8,1.42,564,0,0,1905
"WARD 19, PRECINCT 6",52,6.67,1,0.13,256,32.82,75,9.62,380,48.72,1,0.13,0,0,15,1.92,780,0,0,1906
"WARD 19, PRECINCT 7",45,6.81,0,0,192,29.05,93,14.07,315,47.66,0,0,2,0.3,14,2.12,661,0,0,1907
"WARD 19, PRECINCT 8",33,7.86,0,0,152,36.19,36,8.57,188,44.76,1,0.24,2,0.48,8,1.9,420,0,0,1908
"WARD 19, PRECINCT 9",17,4.49,0,0,124,32.72,40,10.55,191,50.4,0,0,1,0.26,6,1.58,379,0,0,1909
"WARD 19, PRECINCT 10",89,12.48,2,0.28,135,18.93,105,14.73,361,50.63,2,0.28,5,0.7,14,1.96,713,0,0,1910
"WARD 19, PRECINCT 11",31,8.05,0,0,58,15.06,109,28.31,180,46.75,0,0,2,0.52,5,1.3,385,0,0,1911
"WARD 19, PRECINCT 12",63,11.62,1,0.18,196,36.16,62,11.44,208,38.38,2,0.37,5,0.92,5,0.92,542,0,0,1912
"WARD 19, PRECINCT 13",46,13.94,1,0.3,60,18.18,74,22.42,138,41.82,2,0.61,2,0.61,7,2.12,330,0,0,1913
"WARD 20, PRECINCT 1",168,26.54,0,0,123,19.43,52,8.21,271,42.81,1,0.16,7,1.11,11,1.74,633,0,0,2001
"WARD 20, PRECINCT 2",144,21.4,1,0.15,137,20.36,52,7.73,325,48.29,0,0,1,0.15,13,1.93,673,0,0,2002
"WARD 20, PRECINCT 3",236,41.62,1,0.18,51,8.99,69,12.17,183,32.28,1,0.18,21,3.7,4,0.71,567,1,0.18,2003
"WARD 20, PRECINCT 4",63,10.28,0,0,166,27.08,50,8.16,321,52.37,1,0.16,4,0.65,8,1.31,613,0,0,2004
"WARD 20, PRECINCT 5",367,48.87,8,1.07,75,9.99,53,7.06,216,28.76,0,0,14,1.86,16,2.13,751,2,0.27,2005
"WARD 20, PRECINCT 6",315,36.29,0,0,146,16.82,56,6.45,315,36.29,2,0.23,16,1.84,16,1.84,868,2,0.23,2006
"WARD 20, PRECINCT 7",185,34.45,2,0.37,115,21.42,26,4.84,188,35.01,0,0,14,2.61,7,1.3,537,0,0,2007
"WARD 20, PRECINCT 8",126,25.71,0,0,102,20.82,28,5.71,220,44.9,0,0,9,1.84,5,1.02,490,0,0,2008
"WARD 20, PRECINCT 9",167,28.99,0,0,85,14.76,41,7.12,264,45.83,0,0,8,1.39,10,1.74,576,1,0.17,2009
"WARD 20, PRECINCT 10",409,47.61,0,0,125,14.55,57,6.64,249,28.99,1,0.12,9,1.05,8,0.93,859,1,0.12,2010
"WARD 20, PRECINCT 11",170,37.53,0,0,69,15.23,20,4.42,170,37.53,3,0.66,8,1.77,13,2.87,453,0,0,2011
"WARD 20, PRECINCT 12",264,45.28,0,0,101,17.32,37,6.35,155,26.59,2,0.34,8,1.37,15,2.57,583,1,0.17,2012
"WARD 20, PRECINCT 13",246,47.95,0,0,59,11.5,34,6.63,161,31.38,0,0,6,1.17,7,1.36,513,0,0,2013
"WARD 20, PRECINCT 14",293,52.89,0,0,66,11.91,18,3.25,143,25.81,1,0.18,17,3.07,16,2.89,554,0,0,2014
"WARD 20, PRECINCT 15",324,48.94,0,0,53,8.01,46,6.95,205,30.97,1,0.15,14,2.11,19,2.87,662,0,0,2015
"WARD 20, PRECINCT 16",401,51.21,1,0.13,70,8.94,62,7.92,213,27.2,2,0.26,15,1.92,18,2.3,783,1,0.13,2016
"WARD 20, PRECINCT 17",458,49.14,0,0,136,14.59,42,4.51,256,27.47,1,0.11,15,1.61,24,2.58,932,0,0,2017
"WARD 20, PRECINCT 18",192,39.59,0,0,94,19.38,36,7.42,147,30.31,2,0.41,6,1.24,7,1.44,485,1,0.21,2018
"WARD 20, PRECINCT 19",267,53.08,1,0.2,80,15.9,11,2.19,125,24.85,0,0,4,0.8,15,2.98,503,0,0,2019
"WARD 20, PRECINCT 20",280,39.11,0,0,94,13.13,55,7.68,244,34.08,3,0.42,17,2.37,23,3.21,716,0,0,2020
"WARD 21, PRECINCT 1",39,13.64,2,0.7,59,20.63,25,8.74,150,52.45,1,0.35,1,0.35,9,3.15,286,0,0,2101
"WARD 21, PRECINCT 2",4,8.7,0,0,12,26.09,2,4.35,25,54.35,1,2.17,0,0,2,4.35,46,0,0,2102
"WARD 21, PRECINCT 3",12,7.89,0,0,26,17.11,15,9.87,92,60.53,1,0.66,0,0,6,3.95,152,0,0,2103
"WARD 21, PRECINCT 4",12,9.23,0,0,23,17.69,11,8.46,83,63.85,0,0,0,0,1,0.77,130,0,0,2104
"WARD 21, PRECINCT 5",11,4.68,0,0,46,19.57,21,8.94,146,62.13,0,0,1,0.43,10,4.26,235,0,0,2105
"WARD 21, PRECINCT 6",33,12.5,1,0.38,47,17.8,25,9.47,145,54.92,1,0.38,4,1.52,8,3.03,264,0,0,2106
"WARD 21, PRECINCT 7",27,10,1,0.37,54,20,31,11.48,146,54.07,3,1.11,3,1.11,5,1.85,270,0,0,2107
"WARD 21, PRECINCT 8",12,4.23,2,0.7,61,21.48,31,10.92,171,60.21,0,0,3,1.06,4,1.41,284,0,0,2108
"WARD 21, PRECINCT 9",37,11.97,1,0.32,65,21.04,39,12.62,158,51.13,0,0,3,0.97,6,1.94,309,0,0,2109
"WARD 21, PRECINCT 10",18,7.5,2,0.83,32,13.33,47,19.58,130,54.17,0,0,4,1.67,7,2.92,240,0,0,2110
"WARD 21, PRECINCT 11",25,8.33,0,0,54,18,29,9.67,178,59.33,1,0.33,5,1.67,7,2.33,300,1,0.33,2111
"WARD 21, PRECINCT 12",43,13.78,1,0.32,67,21.47,75,24.04,107,34.29,0,0,14,4.49,5,1.6,312,0,0,2112
"WARD 21, PRECINCT 13",67,12.67,2,0.38,58,10.96,154,29.11,229,43.29,2,0.38,10,1.89,7,1.32,529,0,0,2113
"WARD 21, PRECINCT 14",16,9.36,0,0,38,22.22,16,9.36,93,54.39,0,0,2,1.17,6,3.51,171,0,0,2114
"WARD 21, PRECINCT 15",13,5.83,2,0.9,38,17.04,17,7.62,150,67.26,1,0.45,1,0.45,1,0.45,223,0,0,2115
"WARD 21, PRECINCT 16",46,11.56,0,0,93,23.37,49,12.31,189,47.49,2,0.5,6,1.51,13,3.27,398,0,0,2116
"WARD 22, PRECINCT 1",71,18.98,1,0.27,64,17.11,37,9.89,187,50,0,0,6,1.6,8,2.14,374,0,0,2201
"WARD 22, PRECINCT 2",65,13.77,0,0,64,13.56,46,9.75,277,58.69,1,0.21,10,2.12,9,1.91,472,0,0,2202
"WARD 22, PRECINCT 3",91,21.72,0,0,69,16.47,40,9.55,208,49.64,0,0,6,1.43,5,1.19,419,0,0,2203
"WARD 22, PRECINCT 4",56,15.6,3,0.84,58,16.16,33,9.19,190,52.92,1,0.28,8,2.23,9,2.51,359,1,0.28,2204
"WARD 22, PRECINCT 5",36,16.9,1,0.47,38,17.84,20,9.39,108,50.7,0,0,8,3.76,2,0.94,213,0,0,2205
"WARD 22, PRECINCT 6",48,20.08,1,0.42,47,19.67,20,8.37,110,46.03,2,0.84,3,1.26,8,3.35,239,0,0,2206
"WARD 22, PRECINCT 7",75,19.08,0,0,70,17.81,28,7.12,204,51.91,2,0.51,8,2.04,6,1.53,393,0,0,2207
"WARD 22, PRECINCT 8",63,21.07,0,0,34,11.37,23,7.69,161,53.85,0,0,8,2.68,10,3.34,299,0,0,2208
"WARD 22, PRECINCT 9",58,19.46,1,0.34,49,16.44,30,10.07,146,48.99,1,0.34,9,3.02,4,1.34,298,0,0,2209
"WARD 22, PRECINCT 10",74,18.41,1,0.25,55,13.68,45,11.19,207,51.49,1,0.25,5,1.24,13,3.23,402,1,0.25,2210
"WARD 22, PRECINCT 11",77,28.21,0,0,37,13.55,17,6.23,135,49.45,0,0,4,1.47,3,1.1,273,0,0,2211
"WARD 22, PRECINCT 12",112,35.33,0,0,39,12.3,30,9.46,126,39.75,0,0,6,1.89,4,1.26,317,0,0,2212
"WARD 22, PRECINCT 13",61,25.96,0,0,33,14.04,19,8.09,109,46.38,0,0,6,2.55,6,2.55,235,1,0.43,2213
Total,24186,22.48,282,0.26,21221,19.72,20946,19.47,35888,33.36,364,0.34,1175,1.09,3436,3.19,107592,94,0.09,1